,trump,q
0,1551761053,1551747872
1,1551760437,1551747450
2,1551757837,1551744069
3,1551752678,1551743997
4,1551751834,1551743832
5,1551751469,1551743752
6,1551751172,1551743685
7,1551732801,1551743644
8,1551730643,1551733985
9,1551729994,1551733472
10,1551729229,1551731974
11,1551716248,1551730497
12,1551669860,1551730112
13,1551669019,1551729600
14,1551662927,1551729441
15,1551662681,1551672303
16,1551662408,1551666405
17,1551661720,1551663421
18,1551661672,1551660248
19,1551661261,1551658944
20,1551658098,1551658899
21,1551657773,1551658729
22,1551644303,1551658283
23,1551642776,1551657766
24,1551640981,1551656915
25,1551628933,1551655747
26,1551627850,1551655075
27,1551577176,1551653978
28,1551574080,1551648079
29,1551573291,1551646653
30,1551572860,1551645088
31,1551543702,1551642955
32,1551541473,1551641242
33,1551538313,1551639158
34,1551538252,1551639020
35,1551538127,1551594257
36,1551536601,1551593863
37,1551536571,1551593487
38,1551534037,1551593402
39,1551533505,1551593252
40,1551481691,1551592929
41,1551481691,1551592766
42,1551474194,1551592720
43,1551474193,1551592106
44,1551447429,1551591638
45,1551446816,1551591600
46,1551446384,1551591536
47,1551445682,1551591448
48,1551445217,1551591387
49,1551444562,1551591298
50,1551414926,1551591079
51,1551412829,1551576149
52,1551412799,1551574977
53,1551402917,1551573832
54,1551402746,1551573269
55,1551349518,1551573007
56,1551348602,1551560091
57,1551284733,1551462943
58,1551281904,1551243806
59,1551281816,1551243802
60,1551281056,1551243802
61,1551281054,1551243552
62,1551260759,1551243535
63,1551259225,1551242008
64,1551258483,1551239696
65,1551254312,1551225400
66,1551253955,1551224984
67,1551253898,1551215789
68,1551253896,1551215095
69,1551234989,1551212943
70,1551234681,1551211295
71,1551193694,1551150593
72,1551145837,1551147979
73,1551145836,1551144788
74,1551139489,1551143455
75,1551125822,1551143309
76,1551125545,1551128253
77,1551121737,1551126813
78,1551121736,1551125946
79,1551121735,1551125556
80,1551120620,1551125117
81,1551107522,1551118776
82,1551106883,1551034644
83,1551099521,1551032371
84,1551099182,1551031971
85,1551098420,1550897703
86,1551097855,1550896687
87,1551095992,1550886155
88,1551095921,1550885196
89,1551095418,1550885168
90,1551094592,1550879237
91,1551094365,1550877113
92,1551048614,1550876652
93,1551047957,1550876610
94,1551029232,1550861962
95,1551027093,1550861509
96,1551020536,1550860941
97,1551020168,1550860451
98,1551014359,1550859929
99,1551013549,1550859702
100,1551013100,1550859408
101,1551012232,1550858725
102,1550980922,1550855259
103,1550980601,1550854678
104,1550980172,1550853028
105,1550979628,1550852135
106,1550979615,1550851901
107,1550979455,1550851476
108,1550979324,1550818192
109,1550979196,1550818037
110,1550966460,1550816217
111,1550952036,1550814163
112,1550951727,1550813682
113,1550944366,1550812827
114,1550943021,1550788496
115,1550938327,1550787627
116,1550876573,1550785787
117,1550876573,1550784373
118,1550875894,1550782893
119,1550851319,1550782509
120,1550847325,1550782186
121,1550844704,1550781619
122,1550802630,1550770501
123,1550795227,1550768527
124,1550779838,1550768145
125,1550765397,1550766476
126,1550758665,1550717823
127,1550757579,1550717083
128,1550757302,1550714159
129,1550696741,1550714049
130,1550688962,1550697339
131,1550672005,1550691307
132,1550670553,1550690503
133,1550667273,1550689928
134,1550666660,1550689621
135,1550665229,1550689173
136,1550664434,1550679339
137,1550664198,1550678959
138,1550638496,1550678699
139,1550595051,1550677753
140,1550592301,1550677366
141,1550589743,1550677123
142,1550584415,1550676949
143,1550584338,1550676602
144,1550579403,1550634203
145,1550578867,1550632310
146,1550546807,1550632217
147,1550546627,1550632092
148,1550546492,1550623713
149,1550546028,1550623166
150,1550545250,1550622083
151,1550544839,1550620711
152,1550539037,1550620384
153,1550529173,1550619818
154,1550529007,1550617517
155,1550528811,1550617452
156,1550522054,1550606547
157,1550521378,1550603883
158,1550496565,1550602083
159,1550494973,1550601695
160,1550492947,1550598451
161,1550492127,1550596149
162,1550490994,1550591251
163,1550464114,1550554065
164,1550463667,1550552933
165,1550447371,1550551188
166,1550447368,1550550317
167,1550447113,1550549428
168,1550439153,1550539365
169,1550428180,1550525666
170,1550428137,1550525574
171,1550408169,1550525206
172,1550407958,1550525009
173,1550407291,1550524476
174,1550406280,1550524202
175,1550404826,1550523377
176,1550379392,1550523020
177,1550379372,1550518319
178,1550379177,1550517321
179,1550376380,1550517050
180,1550376097,1550516859
181,1550375484,1550516252
182,1550362664,1550513186
183,1550362204,1550508149
184,1550346018,1550506768
185,1550335412,1550506411
186,1550272275,1550505677
187,1550245060,1550481598
188,1550200583,1550470433
189,1550199552,1550470057
190,1550199506,1550469320
191,1550165439,1550464448
192,1550165250,1550458989
193,1550156109,1550458922
194,1550155190,1550448370
195,1550107783,1550447487
196,1550105737,1550447251
197,1550104874,1550447078
198,1550103873,1550446096
199,1550098331,1550445808
200,1550091074,1550441622
201,1550070091,1550441094
202,1550055483,1550438989
203,1550028344,1550434648
204,1550028221,1550433681
205,1550026450,1550430802
206,1550026407,1550430132
207,1550026036,1550429945
208,1550015548,1550429430
209,1550015244,1550429351
210,1550015243,1550429005
211,1549989352,1550428858
212,1549946741,1550428754
213,1549946635,1550428685
214,1549943553,1550428147
215,1549943274,1550428126
216,1549922605,1550392637
217,1549915085,1550390158
218,1549915083,1550389354
219,1549913598,1550389247
220,1549900981,1550389121
221,1549894748,1550388429
222,1549891137,1550388013
223,1549889025,1550387097
224,1549888909,1550381970
225,1549838292,1550371588
226,1549837710,1550365497
227,1549837003,1550351012
228,1549836606,1550349885
229,1549836288,1550348010
230,1549835640,1550346953
231,1549835179,1550343644
232,1549823969,1550281394
233,1549823223,1550243632
234,1549815880,1550243364
235,1549815441,1550240518
236,1549812297,1550240318
237,1549810438,1550239561
238,1549802494,1550230906
239,1549754485,1550229468
240,1549752845,1550228665
241,1549749753,1550227033
242,1549748682,1550226251
243,1549748349,1550225464
244,1549748055,1550205993
245,1549747692,1550205747
246,1549747424,1550205280
247,1549724277,1550205068
248,1549724228,1550204958
249,1549723919,1550191355
250,1549722966,1550191110
251,1549722636,1550190405
252,1549720584,1550189958
253,1549673438,1550188421
254,1549672425,1550188354
255,1549656920,1550187806
256,1549656786,1550186901
257,1549656615,1550186789
258,1549634350,1550186391
259,1549633688,1550142144
260,1549633276,1550141789
261,1549628609,1550141215
262,1549591556,1550140887
263,1549584171,1550140277
264,1549584103,1549990423
265,1549583017,1549990294
266,1549552815,1549990248
267,1549543075,1549990090
268,1549542905,1549989828
269,1549538808,1549989253
270,1549538014,1549984677
271,1549491250,1549984543
272,1549474445,1549984222
273,1549424440,1549945347
274,1549402895,1549944425
275,1549386514,1549925634
276,1549380592,1549925096
277,1549375803,1549924144
278,1549311215,1549922454
279,1549231391,1549907446
280,1549228479,1549907422
281,1549168622,1549861509
282,1549155672,1549860641
283,1549154371,1549848249
284,1549131012,1549844035
285,1549051670,1549836246
286,1549049121,1549835544
287,1549048792,1549832001
288,1549046648,1549770844
289,1549036086,1549767900
290,1549030592,1549764915
291,1549028116,1549764769
292,1549027387,1549745523
293,1548995203,1549745292
294,1548991018,1549045369
295,1548990236,1549045344
296,1548980077,1547409122
297,1548970802,1547406538
298,1548970801,1547201703
299,1548962359,1547195769
300,1548956601,1547195238
301,1548947283,1547194774
302,1548946575,1546871753
303,1548946337,1546871503
304,1548941789,1546868652
305,1548940861,1546868307
306,1548939396,1546838684
307,1548938893,1546836714
308,1548938516,1546828068
309,1548937936,1546822744
310,1548937009,1546821038
311,1548936797,1546819021
312,1548936297,1546805349
313,1548885518,1546799945
314,1548885518,1546799680
315,1548885252,1546797960
316,1548856560,1546795955
317,1548856255,1546738141
318,1548849261,1546737607
319,1548848966,1546736818
320,1548848411,1546735825
321,1548848071,1546733357
322,1548847502,1546730384
323,1548846174,1546714408
324,1548820856,1546712479
325,1548769555,1546710301
326,1548729962,1546707435
327,1548728929,1545539803
328,1548683411,1545536883
329,1548682912,1545408747
330,1548681675,1545406974
331,1548681392,1545357949
332,1548637789,1545357776
333,1548637689,1545331301
334,1548613375,1545330789
335,1548612278,1545328560
336,1548603050,1545328484
337,1548602902,1545327708
338,1548602849,1545327538
339,1548602427,1545327209
340,1548601915,1545261783
341,1548596679,1545261567
342,1548595339,1545261255
343,1548553917,1545261085
344,1548553793,1544660611
345,1548553147,1544660373
346,1548538627,1544660187
347,1548535958,1544659920
348,1548520952,1544659818
349,1548513166,1544659733
350,1548512609,1544659275
351,1548511599,1544659150
352,1548511308,1544659012
353,1548510750,1544658952
354,1548510148,1544658853
355,1548462830,1544658759
356,1548445168,1544658634
357,1548432969,1544658588
358,1548386905,1544658474
359,1548385779,1544658322
360,1548346563,1544658229
361,1548337079,1544658213
362,1548336866,1544658191
363,1548336119,1544658171
364,1548334112,1544658128
365,1548330991,1544655143
366,1548330712,1544654036
367,1548329748,1544653898
368,1548303510,1544653377
369,1548303127,1544647452
370,1548270580,1544638844
371,1548270006,1544637835
372,1548269273,1544637464
373,1548248390,1544636803
374,1548248249,1544632389
375,1548247735,1544632183
376,1548208856,1544631773
377,1548202787,1544630778
378,1548173191,1544630683
379,1548172438,1544630411
380,1548170937,1544592564
381,1548169271,1544589759
382,1548169204,1544589224
383,1548168526,1544586406
384,1548163503,1544568343
385,1548162909,1544562073
386,1548161302,1544557806
387,1548160546,1544549259
388,1548160339,1544547883
389,1548132194,1544546387
390,1548125183,1544545930
391,1548114302,1544501627
392,1548113848,1544500727
393,1548108535,1544473468
394,1548107879,1544473223
395,1548092765,1544472660
396,1548085283,1544471228
397,1548085250,1544468865
398,1548085149,1544468302
399,1548084156,1544468039
400,1548046981,1544467960
401,1548043693,1544467633
402,1548042867,1544467144
403,1548042186,1544421862
404,1548033906,1544204870
405,1548031917,1544204401
406,1548031904,1544203974
407,1548031808,1544199712
408,1548031689,1544140580
409,1548031200,1544139671
410,1548031149,1544050821
411,1548031070,1544050216
412,1548030932,1544050020
413,1548030902,1544041647
414,1548030825,1544039926
415,1548030794,1544039219
416,1548027773,1544034439
417,1548027761,1544025679
418,1548027747,1543993699
419,1548027722,1543993244
420,1548016331,1543986067
421,1548016315,1543984975
422,1548016296,1543889549
423,1548016285,1543876905
424,1548016268,1543876731
425,1548015753,1543876539
426,1548015720,1543874758
427,1548015705,1543863789
428,1548015619,1543863001
429,1548015582,1543860961
430,1548008206,1543860137
431,1548008182,1543859534
432,1547994805,1543858962
433,1547994057,1543796848
434,1547993006,1543794071
435,1547992286,1543793175
436,1547991346,1543792111
437,1547990608,1543790712
438,1547989911,1543790309
439,1547989175,1543789727
440,1547988004,1543788892
441,1547933063,1543787220
442,1547924921,1543786017
443,1547906977,1543785328
444,1547905809,1543774944
445,1547902290,1543774579
446,1547899898,1543773801
447,1547897361,1543642315
448,1547868289,1543638119
449,1547868164,1543637756
450,1547868149,1543637482
451,1547866970,1543637277
452,1547864626,1543636705
453,1547864298,1543636382
454,1547864294,1543635219
455,1547864084,1543635060
456,1547864051,1543634822
457,1547862767,1543634518
458,1547862603,1543634014
459,1547862368,1543633949
460,1547862299,1543633228
461,1547862171,1543632427
462,1547860578,1543632371
463,1547860470,1543631390
464,1547860328,1543631278
465,1547859998,1543489305
466,1547851860,1543488595
467,1547830684,1543199852
468,1547827207,1543197351
469,1547827175,1543194405
470,1547827117,1543193558
471,1547823761,1542775619
472,1547820836,1542775319
473,1547820504,1542773099
474,1547820017,1542769231
475,1547817773,1542768153
476,1547780604,1542085934
477,1547779361,1542084647
478,1547775361,1542082380
479,1547774287,1542044205
480,1547774284,1542043842
481,1547738959,1541969297
482,1547737469,1541965315
483,1547733875,1541965285
484,1547642961,1541965257
485,1547641984,1541965215
486,1547568691,1541965192
487,1547565510,1541965172
488,1547558759,1541965154
489,1547558259,1541962274
490,1547558243,1541961403
491,1547558030,1541959098
492,1547557516,1541955971
493,1547557456,1541883672
494,1547557430,1541882164
495,1547557369,1541881468
496,1547557341,1541880655
497,1547557330,1541876219
498,1547557296,1541874273
499,1547556561,1541873098
500,1547555875,1541872341
501,1547555145,1541871896
502,1547554560,1541870474
503,1547553532,1541814485
504,1547504390,1541812990
505,1547504389,1541808957
506,1547503969,1541807416
507,1547498299,1541806337
508,1547498264,1541798607
509,1547495311,1541652469
510,1547491475,1541631206
511,1547480971,1541629448
512,1547473499,1541628638
513,1547469313,1541628229
514,1547468778,1541626644
515,1547468591,1541626353
516,1547468389,1541626212
517,1547468332,1541624537
518,1547468307,1541617020
519,1547468260,1541614326
520,1547468229,1541614251
521,1547468065,1541614214
522,1547435911,1541602099
523,1547435554,1541574399
524,1547434983,1541573940
525,1547434379,1541570131
526,1547430310,1541539344
527,1547420576,1541538981
528,1547420012,1541537620
529,1547416881,1541533879
530,1547394345,1541525989
531,1547393764,1541525085
532,1547391937,1541524619
533,1547391653,1541493853
534,1547391506,1541489129
535,1547343431,1541488783
536,1547317213,1541488601
537,1547309695,1541487954
538,1547309242,1541484581
539,1547308643,1541482944
540,1547304424,1541481852
541,1547304141,1541463730
542,1547303294,1541463110
543,1547302833,1541462739
544,1547298563,1541459658
545,1547297605,1541459482
546,1547296410,1541459338
547,1547295515,1541459065
548,1547294736,1541456385
549,1547249388,1541455715
550,1547248901,1541434638
551,1547247623,1541434179
552,1547244694,1541388408
553,1547244690,1541370838
554,1547229004,1541368101
555,1547223374,1541367397
556,1547222665,1541365341
557,1547210430,1541364484
558,1547208300,1541364194
559,1547174580,1541364114
560,1547174566,1541363760
561,1547171154,1541362039
562,1547169049,1541360244
563,1547160061,1541358438
564,1547144221,1541355383
565,1547144071,1541355256
566,1547138831,1541354605
567,1547127834,1541352742
568,1547127795,1541351895
569,1547127685,1541278316
570,1547127250,1541273902
571,1547126670,1541272152
572,1547093501,1541268998
573,1547092755,1541268138
574,1547092586,1541205458
575,1547092559,1541197163
576,1547092530,1541196130
577,1547092383,1541194969
578,1547091793,1541193924
579,1547066086,1541193231
580,1547062289,1541184960
581,1547047543,1541183757
582,1547042769,1541182071
583,1547008439,1541181256
584,1547000189,1541134028
585,1546958559,1541126884
586,1546953369,1541120483
587,1546953186,1541119481
588,1546952475,1539135733
589,1546919429,1539119984
590,1546886681,1539117709
591,1546872905,1539116474
592,1546868314,1539098093
593,1546867860,1539057517
594,1546866543,1539035114
595,1546865779,1539025515
596,1546811637,1539023239
597,1546788469,1539022320
598,1546786773,1539021200
599,1546778483,1539020992
600,1546778464,1539020347
601,1546778019,1539017049
602,1546776102,1539015219
603,1546740910,1538974951
604,1546740389,1538945043
605,1546739276,1538940283
606,1546738532,1538938215
607,1546736430,1538935227
608,1546722359,1538878946
609,1546721367,1538875118
610,1546709238,1538866364
611,1546704787,1538865371
612,1546703682,1538859599
613,1546701374,1538857158
614,1546699735,1538856520
615,1546696541,1538854125
616,1546693037,1538852903
617,1546691463,1538798720
618,1546690655,1538787046
619,1546650643,1538777201
620,1546638327,1538776146
621,1546634198,1538771233
622,1546612747,1538762028
623,1546607780,1538761666
624,1546607200,1538761106
625,1546564758,1538702832
626,1546564757,1538702727
627,1546547118,1538702520
628,1546537249,1538690514
629,1546531831,1538690277
630,1546527133,1538689743
631,1546526659,1538689253
632,1546526217,1538688427
633,1546488592,1538688173
634,1546474058,1538687679
635,1546474057,1538680848
636,1546436130,1538680671
637,1546433635,1538676850
638,1546389830,1538673873
639,1546385972,1538628749
640,1546384272,1538627355
641,1546383072,1538626999
642,1546382643,1538623787
643,1546369356,1538620140
644,1546366328,1538604422
645,1546357869,1538603846
646,1546356750,1538602358
647,1546354501,1538599323
648,1546354472,1538594836
649,1546354353,1538593611
650,1546354239,1538545821
651,1546353121,1538508673
652,1546352732,1538507314
653,1546348109,1538503907
654,1546347094,1538503815
655,1546308086,1538438495
656,1546304739,1538437383
657,1546303903,1538436444
658,1546303226,1538436305
659,1546300386,1538435425
660,1546286572,1538434977
661,1546286572,1538431781
662,1546270755,1538426006
663,1546270634,1538424287
664,1546267132,1538422951
665,1546262972,1538422194
666,1546262353,1538421319
667,1546261960,1538418484
668,1546261385,1538337225
669,1546260682,1538336024
670,1546207184,1538252204
671,1546188969,1538251445
672,1546183715,1538246103
673,1546139736,1538152644
674,1546138888,1538112173
675,1546117568,1538110142
676,1546111547,1538109043
677,1546108577,1538108679
678,1546108216,1538108461
679,1546099382,1538107949
680,1546098744,1538107559
681,1546098170,1538107304
682,1546008667,1538107019
683,1546002373,1538106475
684,1546001366,1538104090
685,1546000932,1538101461
686,1545999400,1538100080
687,1545953016,1538098884
688,1545948607,1538098860
689,1545945970,1538092629
690,1545944664,1538092259
691,1545944646,1538091568
692,1545943199,1538091282
693,1545939889,1538091191
694,1545939705,1537802977
695,1545912385,1537746212
696,1545911944,1537720602
697,1545856525,1537581556
698,1545779924,1537581321
699,1545742748,1537581143
700,1545704920,1537580890
701,1545690253,1537577185
702,1545686052,1537576793
703,1545672764,1537573319
704,1545672202,1537572610
705,1545671422,1537572060
706,1545670532,1537571355
707,1545666922,1537569976
708,1545665621,1537569761
709,1545665002,1537569563
710,1545663563,1537569504
711,1545662462,1537568349
712,1545661910,1537567431
713,1545627240,1537565844
714,1545625582,1537557421
715,1545624326,1537556867
716,1545623241,1537555608
717,1545622369,1537555361
718,1545599929,1537550974
719,1545596422,1537544090
720,1545594997,1537543368
721,1545594322,1537543031
722,1545585207,1537508192
723,1545584362,1537508052
724,1545583607,1537502769
725,1545574674,1537497732
726,1545531632,1537497411
727,1545530369,1537496892
728,1545529703,1537495957
729,1545523123,1537487440
730,1545513122,1537487101
731,1545510501,1537486007
732,1545509038,1537471416
733,1545498157,1537470529
734,1545496235,1537467168
735,1545495491,1537466565
736,1545446945,1537466219
737,1545437815,1537466025
738,1545434607,1537465923
739,1545430454,1537465839
740,1545422165,1537465614
741,1545420493,1537465302
742,1545406301,1537464582
743,1545404843,1537405434
744,1545403829,1537405093
745,1545403319,1537403798
746,1545397686,1537403562
747,1545397355,1537403134
748,1545395895,1537402371
749,1545395495,1537402203
750,1545395267,1537402080
751,1545395058,1537401415
752,1545394786,1537401276
753,1545394236,1537401013
754,1545393509,1537400707
755,1545393053,1537400384
756,1545362429,1537396213
757,1545362034,1537395593
758,1545344467,1537394858
759,1545344467,1537326905
760,1545342495,1537316250
761,1545336875,1537311422
762,1545333739,1537309045
763,1545333367,1537303814
764,1545319734,1537232041
765,1545309668,1537231625
766,1545309559,1537231417
767,1545308914,1537231076
768,1545308198,1537230868
769,1545307014,1537230796
770,1545306177,1537228546
771,1545305151,1537228217
772,1545283032,1537227798
773,1545282245,1537225763
774,1545276600,1537224092
775,1545261035,1537223648
776,1545231929,1537223465
777,1545231371,1537221933
778,1545230682,1537221631
779,1545229789,1537221385
780,1545226990,1537221309
781,1545222904,1537220910
782,1545185222,1537121592
783,1545185221,1537120241
784,1545182010,1537119871
785,1545182010,1537118186
786,1545181148,1537117865
787,1545172957,1537117718
788,1545152007,1537115948
789,1545150994,1537115053
790,1545139954,1537071540
791,1545139349,1537070503
792,1545138880,1537059333
793,1545137748,1537056217
794,1545135978,1537049361
795,1545135204,1537043306
796,1545133287,1537039689
797,1545132519,1537036510
798,1545081250,1536799475
799,1545066156,1536790154
800,1545062730,1536788637
801,1545053236,1536787265
802,1545051733,1536785446
803,1544993793,1536785133
804,1544992637,1536784014
805,1544992192,1536719487
806,1544992188,1536717476
807,1544977551,1536709675
808,1544973643,1536708797
809,1544972602,1536708742
810,1544971190,1536708623
811,1544969512,1536708531
812,1544968734,1536708473
813,1544892312,1536708430
814,1544890538,1536708388
815,1544888260,1536708244
816,1544883509,1536706286
817,1544883294,1536705605
818,1544840189,1536704641
819,1544839665,1536692644
820,1544833904,1536636681
821,1544825896,1536622242
822,1544825895,1536621915
823,1544811576,1536621780
824,1544811452,1536620997
825,1544811452,1536617708
826,1544805343,1536617157
827,1544736093,1536616994
828,1544732676,1536616661
829,1544724819,1536616393
830,1544724044,1536616013
831,1544722455,1536614610
832,1544722454,1536613932
833,1544717296,1536613350
834,1544717270,1536612572
835,1544708374,1536611567
836,1544707527,1536611228
837,1544707028,1536609753
838,1544704708,1536608365
839,1544658648,1536608116
840,1544619017,1536601261
841,1544618061,1536599665
842,1544566144,1536597566
843,1544554506,1536534474
844,1544554229,1536534020
845,1544535031,1536533857
846,1544534366,1536533752
847,1544533865,1536519162
848,1544532123,1536519088
849,1544531457,1536432395
850,1544530343,1536431624
851,1544529890,1536358933
852,1544529148,1536358308
853,1544495305,1536357943
854,1544494281,1536357649
855,1544443200,1536357130
856,1544442371,1536356616
857,1544405243,1536356050
858,1544395393,1536354700
859,1544363610,1536353562
860,1544362702,1536350248
861,1544311875,1536349780
862,1544311372,1536343010
863,1544296027,1536332549
864,1544295494,1536278183
865,1544295493,1536277076
866,1544289752,1536276313
867,1544284899,1536275326
868,1544278771,1536271917
869,1544278771,1536268803
870,1544274116,1536267631
871,1544273559,1536263192
872,1544272444,1536262538
873,1544241484,1536186839
874,1544223621,1536185977
875,1544219341,1536183183
876,1544216177,1536174480
877,1544212954,1536170311
878,1544208523,1536169447
879,1544199517,1536166876
880,1544199516,1536165567
881,1544199411,1536162619
882,1544194606,1536161666
883,1544193992,1536115648
884,1544189976,1536112437
885,1544188428,1536112086
886,1544184958,1536085351
887,1544183614,1536084645
888,1544182853,1536083806
889,1544182130,1536083273
890,1544181539,1536080725
891,1544152512,1536080499
892,1544152106,1536080089
893,1544152038,1536035160
894,1544151523,1536028090
895,1544144178,1536026810
896,1544142431,1536026673
897,1544116049,1536024479
898,1544109467,1536020989
899,1544067142,1536019285
900,1544063080,1536015556
901,1544021088,1536015218
902,1544018191,1536013767
903,1544017867,1535920058
904,1544017450,1535919897
905,1544015986,1535919504
906,1544014188,1535916311
907,1544013988,1535916113
908,1543969301,1535915735
909,1543969227,1535915165
910,1543964161,1535912909
911,1543964160,1535910108
912,1543940647,1535909051
913,1543940544,1535830643
914,1543936200,1535820985
915,1543935821,1535820121
916,1543935335,1535812794
917,1543933816,1535778461
918,1543933321,1535775188
919,1543890078,1535773593
920,1543866151,1535772788
921,1543855058,1535770966
922,1543852566,1535770705
923,1543852092,1535770616
924,1543850971,1535767748
925,1543850677,1535766771
926,1543844722,1535765352
927,1543843846,1535761751
928,1543843081,1535746356
929,1543842068,1535745996
930,1543841670,1535745313
931,1543809625,1535743913
932,1543781738,1535743619
933,1543677718,1535742137
934,1543677717,1535739047
935,1543662968,1535736986
936,1543643386,1535736942
937,1543634214,1535735182
938,1543634058,1535733823
939,1543634004,1535733741
940,1543629816,1535732700
941,1543623810,1535730340
942,1543609389,1535727381
943,1543609152,1535685835
944,1543589118,1535685612
945,1543583307,1535681523
946,1543571943,1535679556
947,1543571524,1535674423
948,1543548674,1535674339
949,1543547074,1535673373
950,1543546259,1535672839
951,1543542110,1535669994
952,1543536263,1535669532
953,1543531679,1535669327
954,1543531392,1535669241
955,1543530858,1535669130
956,1543529662,1535669076
957,1543529661,1535668645
958,1543529032,1535668582
959,1543509259,1535668522
960,1543509258,1535668248
961,1543494733,1535663636
962,1543493772,1535663111
963,1543492456,1535660697
964,1543491434,1535654215
965,1543466343,1535648357
966,1543466167,1535647596
967,1543447931,1535645808
968,1543421387,1535645440
969,1543416571,1535645297
970,1543416211,1535644681
971,1543415540,1535644554
972,1543412489,1535644080
973,1543412474,1535586547
974,1543412448,1535585919
975,1543412418,1535585016
976,1543412378,1535582072
977,1543376528,1535576876
978,1543376328,1535572106
979,1543365097,1535566737
980,1543345539,1535563799
981,1543345539,1535563391
982,1543325577,1535561486
983,1543324043,1535561229
984,1543322578,1535559952
985,1543321837,1535556221
986,1543294498,1535555957
987,1543293630,1535555738
988,1543293622,1535518958
989,1543263659,1535517638
990,1543263658,1535517584
991,1543261649,1535517368
992,1543261649,1535516970
993,1543261516,1535514019
994,1543243473,1535508365
995,1543242792,1535507833
996,1543231181,1535506076
997,1543198047,1535503434
998,1543197553,1535499386
999,1543178366,1535499205
1000,1543177654,1535498960
1001,1543177236,1535498309
1002,1543176780,1535498134
1003,1543153614,1535498075
1004,1543152510,1535497957
1005,1543151816,1535497540
1006,1543149051,1535496111
1007,1543147954,1535495918
1008,1543103787,1535495557
1009,1543103365,1535495048
1010,1543085075,1535493908
1011,1543016944,1535492050
1012,1543016899,1535491378
1013,1542993259,1535491054
1014,1542976910,1535490660
1015,1542928064,1535490023
1016,1542921972,1535489570
1017,1542899532,1535488999
1018,1542894149,1535488076
1019,1542889827,1535487143
1020,1542889311,1535484843
1021,1542888111,1535481653
1022,1542887904,1535477640
1023,1542846966,1535477109
1024,1542846189,1535476686
1025,1542838708,1535475382
1026,1542838704,1535470861
1027,1542838653,1535470736
1028,1542836550,1535433401
1029,1542835884,1535429203
1030,1542834560,1535428931
1031,1542833471,1535426953
1032,1542813213,1535415377
1033,1542809786,1535415069
1034,1542804629,1535414660
1035,1542804591,1535411422
1036,1542775203,1535298398
1037,1542771821,1534828148
1038,1542744063,1534768171
1039,1542687558,1534738599
1040,1542680122,1534737767
1041,1542660968,1534737608
1042,1542654609,1534705547
1043,1542642079,1534701812
1044,1542641199,1534465931
1045,1542639723,1534461673
1046,1542637837,1534461615
1047,1542586964,1534459646
1048,1542571181,1534459286
1049,1542570924,1534458025
1050,1542566579,1534457504
1051,1542564069,1534457287
1052,1542562230,1534452369
1053,1542552448,1534450085
1054,1542509280,1534447724
1055,1542474215,1534444702
1056,1542473227,1534444104
1057,1542472940,1534443000
1058,1542472939,1534439240
1059,1542472760,1534438710
1060,1542454671,1534438177
1061,1542424442,1534437504
1062,1542415416,1534437197
1063,1542415415,1534436690
1064,1542415066,1534436195
1065,1542415004,1534379700
1066,1542404875,1534377823
1067,1542397317,1534377453
1068,1542396959,1534377205
1069,1542314622,1534377185
1070,1542314391,1534377130
1071,1542314060,1534377008
1072,1542312512,1534376681
1073,1542293968,1534376531
1074,1542293368,1534376278
1075,1542285123,1534375666
1076,1542284077,1534375449
1077,1542283159,1534373620
1078,1542237998,1534370108
1079,1542233427,1534368966
1080,1542225497,1534368792
1081,1542224122,1534364245
1082,1542223704,1534362689
1083,1542144942,1534360337
1084,1542144048,1534359270
1085,1542143018,1534359135
1086,1542137925,1534311080
1087,1542128865,1534310768
1088,1542126729,1534309819
1089,1542124160,1534309273
1090,1542115109,1534305927
1091,1542115026,1534293433
1092,1542114428,1534292535
1093,1542109841,1534291365
1094,1542071995,1534287952
1095,1542046864,1534287810
1096,1542046390,1534287507
1097,1542040287,1534287300
1098,1542036849,1534286806
1099,1542026653,1534285872
1100,1542025271,1534284947
1101,1542024616,1534283997
1102,1542024205,1534283850
1103,1541997480,1534283616
1104,1541969738,1534282933
1105,1541952215,1534190221
1106,1541951029,1534185987
1107,1541947976,1534185534
1108,1541945802,1534141073
1109,1541929250,1534139914
1110,1541888440,1534098139
1111,1541888375,1534097600
1112,1541876969,1534097212
1113,1541876810,1534095398
1114,1541858982,1534089702
1115,1541837864,1534046293
1116,1541837332,1534033401
1117,1541822693,1534029028
1118,1541821936,1534024473
1119,1541797846,1534022668
1120,1541795617,1534019603
1121,1541788740,1534017166
1122,1541787628,1534015305
1123,1541787243,1534014421
1124,1541784998,1534014195
1125,1541783402,1534008223
1126,1541782339,1534007719
1127,1541779136,1534007551
1128,1541778925,1534006296
1129,1541775255,1533932138
1130,1541731102,1533926695
1131,1541681481,1533926633
1132,1541680721,1533926130
1133,1541619852,1533925568
1134,1541619851,1533925464
1135,1541605151,1533919495
1136,1541597484,1533919208
1137,1541595842,1533917709
1138,1541595159,1533916809
1139,1541594188,1533869659
1140,1541592471,1533869115
1141,1541591735,1533868020
1142,1541589711,1533862679
1143,1541573380,1533861383
1144,1541572668,1533676665
1145,1541572021,1533600825
1146,1541564079,1533598786
1147,1541534194,1533598301
1148,1541533968,1533581379
1149,1541530135,1533500064
1150,1541527890,1533499972
1151,1541527709,1533490706
1152,1541527093,1533451302
1153,1541521649,1533448815
1154,1541521597,1533331589
1155,1541521575,1533331119
1156,1541521544,1533328333
1157,1541521509,1533327011
1158,1541521494,1533324987
1159,1541521483,1533324715
1160,1541521453,1533321611
1161,1541521432,1533321210
1162,1541521403,1533319985
1163,1541521272,1533308993
1164,1541521217,1533278205
1165,1541521203,1533277370
1166,1541521179,1533276156
1167,1541521164,1533262802
1168,1541521152,1533262154
1169,1541521129,1533262003
1170,1541519086,1533236198
1171,1541517608,1533233669
1172,1541486182,1533230792
1173,1541481166,1533194655
1174,1541480551,1533187215
1175,1541480318,1533184567
1176,1541470498,1533158983
1177,1541468845,1533154582
1178,1541467602,1533153019
1179,1541466337,1533152730
1180,1541466152,1533149647
1181,1541456889,1533146783
1182,1541454004,1533143709
1183,1541453184,1533143224
1184,1541451582,1533143007
1185,1541440752,1533093038
1186,1541437818,1533090882
1187,1541432508,1533090181
1188,1541432106,1533089941
1189,1541431086,1533089115
1190,1541430103,1533087022
1191,1541425017,1533081823
1192,1541424067,1533078929
1193,1541423600,1533078363
1194,1541395930,1533069339
1195,1541394293,1533061727
1196,1541383206,1533014084
1197,1541381770,1533012727
1198,1541375221,1533002472
1199,1541372744,1533002002
1200,1541361773,1533000384
1201,1541356554,1532999944
1202,1541347634,1532999914
1203,1541346276,1532992946
1204,1541346152,1532992014
1205,1541346105,1532984252
1206,1541346063,1532967407
1207,1541346049,1532967103
1208,1541346035,1532902176
1209,1541346024,1532899709
1210,1541345986,1532897614
1211,1541345977,1532897324
1212,1541345968,1532896971
1213,1541345951,1532891920
1214,1541345538,1532891241
1215,1541345525,1532890812
1216,1541345414,1532890385
1217,1541345357,1532888026
1218,1541345322,1532885818
1219,1541345302,1532885336
1220,1541345267,1532884436
1221,1541345241,1532879498
1222,1541345159,1532805381
1223,1541345098,1532804784
1224,1541344542,1532803995
1225,1541299653,1532803198
1226,1541295960,1532800725
1227,1541295598,1532800126
1228,1541294966,1532799367
1229,1541286305,1532721186
1230,1541286022,1532721153
1231,1541279527,1532721126
1232,1541279523,1532721110
1233,1541279126,1532715366
1234,1541278658,1532715198
1235,1541277523,1532714327
1236,1541268195,1532713769
1237,1541263707,1532712343
1238,1541262865,1532712200
1239,1541262749,1532712076
1240,1541252335,1532711850
1241,1541251456,1532711662
1242,1541246675,1532709217
1243,1541245785,1532709175
1244,1541242495,1532708087
1245,1541213771,1532707888
1246,1541208464,1532707246
1247,1541206170,1532707098
1248,1541205633,1532706659
1249,1541200704,1532706428
1250,1541199117,1532704830
1251,1541198752,1532636265
1252,1541196869,1532635344
1253,1541195646,1532634846
1254,1541174504,1532630961
1255,1541166898,1532630724
1256,1541166409,1532630574
1257,1541126626,1532630383
1258,1541125400,1532623466
1259,1541112395,1532566732
1260,1541110302,1532565343
1261,1541105689,1532562998
1262,1541097437,1532561914
1263,1541097435,1532561315
1264,1541097221,1532561220
1265,1541081350,1532560830
1266,1541043255,1532560396
1267,1541043247,1532551076
1268,1541043181,1532542251
1269,1541036595,1532542107
1270,1541033599,1532541234
1271,1541017087,1532541109
1272,1541013929,1532532067
1273,1541013862,1532532009
1274,1541006367,1532531894
1275,1541004199,1532497432
1276,1540999737,1532486009
1277,1540999501,1532460679
1278,1540995591,1532457562
1279,1540995454,1532456921
1280,1540992317,1532456695
1281,1540991355,1532456389
1282,1540991066,1532455887
1283,1540989936,1532453291
1284,1540989481,1532451119
1285,1540921107,1532451026
1286,1540921069,1532450339
1287,1540921069,1532447127
1288,1540912239,1530723804
1289,1540903983,1530678091
1290,1540902819,1530677742
1291,1540902307,1530677226
1292,1540901545,1530672957
1293,1540869696,1530660016
1294,1540869582,1530657554
1295,1540869193,1530644378
1296,1540868835,1530643755
1297,1540868714,1530633577
1298,1540865497,1530632300
1299,1540864898,1530599173
1300,1540859957,1530598940
1301,1540859496,1530597495
1302,1540858457,1530597299
1303,1540857623,1530597164
1304,1540825062,1530495985
1305,1540824865,1530494018
1306,1540824116,1530490867
1307,1540816088,1530473005
1308,1540814871,1530470122
1309,1540814593,1530469772
1310,1540771977,1530468688
1311,1540746227,1530468280
1312,1540745595,1530460574
1313,1540699061,1530457413
1314,1540698405,1530457188
1315,1540676495,1530457063
1316,1540676495,1530456927
1317,1540670844,1530456523
1318,1540669425,1530456320
1319,1540657583,1530388388
1320,1540652908,1530387979
1321,1540648956,1530387515
1322,1540648512,1530387467
1323,1540648455,1530383773
1324,1540648301,1530379677
1325,1540647993,1530248358
1326,1540647953,1530245901
1327,1540647682,1530245647
1328,1540647526,1530244496
1329,1540646936,1530238838
1330,1540601924,1530238458
1331,1540590436,1530237817
1332,1540588960,1530237225
1333,1540579709,1530236755
1334,1540578132,1530235858
1335,1540576752,1530235544
1336,1540574611,1530234434
1337,1540568479,1530230684
1338,1540563579,1530225140
1339,1540562749,1530224604
1340,1540562148,1530224364
1341,1540538079,1530223071
1342,1540509690,1530222678
1343,1540509580,1530222164
1344,1540509233,1530221360
1345,1540499956,1530210484
1346,1540499080,1530210313
1347,1540498972,1530204733
1348,1540497360,1530203622
1349,1540497337,1530203077
1350,1540493231,1530202922
1351,1540493230,1530202659
1352,1540492925,1530202215
1353,1540492267,1530149189
1354,1540484506,1530144494
1355,1540475847,1530143209
1356,1540466298,1530142578
1357,1540465512,1530141872
1358,1540464882,1530141663
1359,1540431821,1530133316
1360,1540425272,1530133110
1361,1540407342,1530129470
1362,1540397067,1530123618
1363,1540385110,1530122964
1364,1540384515,1530120703
1365,1540382201,1530119865
1366,1540381949,1530118684
1367,1540336703,1530117955
1368,1540331511,1530080310
1369,1540313026,1530075940
1370,1540312159,1530070752
1371,1540311810,1530070619
1372,1540309263,1530070601
1373,1540308258,1530070580
1374,1540302811,1530069009
1375,1540268523,1530067846
1376,1540262692,1530066341
1377,1540261803,1530066106
1378,1540260816,1530062835
1379,1540258228,1530062641
1380,1540257813,1530062352
1381,1540244103,1530061441
1382,1540238158,1529705404
1383,1540238044,1529561176
1384,1540236440,1529560890
1385,1540235911,1529559310
1386,1540235911,1529558920
1387,1540231232,1529549095
1388,1540230766,1529544166
1389,1540213119,1529543651
1390,1540213068,1529543581
1391,1540212571,1529540386
1392,1540211860,1529540301
1393,1540211170,1529535005
1394,1540172969,1529528975
1395,1540162135,1529517965
1396,1540149972,1529509382
1397,1540149264,1529504506
1398,1540149112,1529503900
1399,1540089920,1529503743
1400,1540082173,1529463698
1401,1540066372,1529461514
1402,1540053000,1529461390
1403,1540052345,1529460969
1404,1540047807,1529456023
1405,1540047392,1529438472
1406,1540046760,1529437736
1407,1540046582,1529428739
1408,1540046139,1529428454
1409,1540005456,1529427299
1410,1540005188,1529423635
1411,1539998605,1529387748
1412,1539996662,1529381074
1413,1539992826,1529380910
1414,1539974489,1529369389
1415,1539970447,1529368447
1416,1539969979,1529367573
1417,1539957885,1529365752
1418,1539957769,1529363928
1419,1539919382,1529361197
1420,1539918706,1529360713
1421,1539914092,1529342544
1422,1539907874,1529340779
1423,1539907492,1529340419
1424,1539906585,1529306851
1425,1539903102,1529306685
1426,1539897773,1529304218
1427,1539893043,1529303562
1428,1539891812,1529302685
1429,1539881169,1529302653
1430,1539877990,1529302558
1431,1539877223,1529296419
1432,1539877223,1529283771
1433,1539869325,1529282769
1434,1539863143,1529280048
1435,1539862506,1529279567
1436,1539861954,1529279146
1437,1539828215,1529278540
1438,1539813832,1529255146
1439,1539807113,1529254138
1440,1539804968,1529253543
1441,1539804284,1529251787
1442,1539798756,1529251300
1443,1539798086,1529251196
1444,1539797897,1529250815
1445,1539797370,1529249531
1446,1539796733,1529249201
1447,1539796308,1529248992
1448,1539796305,1529248655
1449,1539784105,1529247594
1450,1539783933,1529131830
1451,1539780015,1529131365
1452,1539779478,1529131036
1453,1539778192,1529130699
1454,1539777611,1529128256
1455,1539777139,1529125775
1456,1539775821,1529125336
1457,1539743964,1529109921
1458,1539743790,1529109246
1459,1539739470,1529108939
1460,1539739160,1529108214
1461,1539733422,1529108027
1462,1539732524,1529103932
1463,1539715854,1529103777
1464,1539715219,1529102729
1465,1539715218,1529102618
1466,1539706931,1529101980
1467,1539706688,1529101292
1468,1539703593,1529101181
1469,1539703131,1529101135
1470,1539702272,1529006124
1471,1539699126,1528997293
1472,1539695718,1528948358
1473,1539695304,1528948225
1474,1539695104,1528919753
1475,1539694538,1528918923
1476,1539692691,1528918533
1477,1539692195,1528918241
1478,1539691591,1528910787
1479,1539649583,1528910597
1480,1539647519,1528864877
1481,1539642420,1528861769
1482,1539641003,1528861397
1483,1539618343,1528861073
1484,1539611293,1528860863
1485,1539607025,1528859752
1486,1539606313,1528859345
1487,1539605489,1528856238
1488,1539603999,1528855723
1489,1539557099,1528842680
1490,1539546860,1528841906
1491,1539546305,1528841382
1492,1539545956,1528840090
1493,1539525727,1528839475
1494,1539525372,1528837721
1495,1539489189,1528836946
1496,1539488563,1528834802
1497,1539479803,1528826937
1498,1539464779,1528825085
1499,1539463689,1528824962
1500,1539463342,1528824228
1501,1539453146,1528824015
1502,1539452582,1528823796
1503,1539450186,1528823355
1504,1539440277,1528822944
1505,1539439586,1528819727
1506,1539437487,1528754010
1507,1539393421,1528753826
1508,1539390616,1528753042
1509,1539382484,1528751035
1510,1539381739,1528744796
1511,1539379827,1528744433
1512,1539373047,1528743907
1513,1539371451,1528739243
1514,1539367757,1528736997
1515,1539362593,1528736186
1516,1539359872,1528735139
1517,1539354360,1528734491
1518,1539352746,1528734250
1519,1539352486,1528731669
1520,1539351724,1528730778
1521,1539298166,1528691264
1522,1539296063,1528690979
1523,1539278607,1528690857
1524,1539274913,1528690585
1525,1539269013,1528690178
1526,1539268861,1528689226
1527,1539229440,1528687111
1528,1539221715,1528686695
1529,1539221601,1528055909
1530,1539219618,1527024563
1531,1539219149,1527019648
1532,1539210828,1527018430
1533,1539210817,1527012275
1534,1539205508,1527012101
1535,1539205315,1527007945
1536,1539201143,1526943889
1537,1539193199,1526855666
1538,1539190337,1526853934
1539,1539189792,1526843945
1540,1539187555,1526843164
1541,1539176465,1526843067
1542,1539175856,1526842421
1543,1539175806,1526839121
1544,1539175748,1526838844
1545,1539175739,1526838370
1546,1539175721,1526838046
1547,1539175706,1526771268
1548,1539175691,1526769714
1549,1539175677,1526768613
1550,1539175621,1526768239
1551,1539138490,1526767828
1552,1539134629,1526767626
1553,1539134292,1526767580
1554,1539133781,1526767434
1555,1539123493,1526602830
1556,1539122392,1526602527
1557,1539122391,1526602142
1558,1539121162,1526600666
1559,1539120890,1526599488
1560,1539112137,1526598975
1561,1539103008,1526598527
1562,1539101223,1526597229
1563,1539100805,1526596965
1564,1539100804,1526596916
1565,1539094727,1526594260
1566,1539091401,1526582387
1567,1539090601,1526581825
1568,1539088675,1526581128
1569,1539088366,1526580799
1570,1539087593,1526580279
1571,1539087519,1526579661
1572,1539048896,1526579646
1573,1539042214,1526539485
1574,1539027889,1526532595
1575,1539027456,1526531846
1576,1539026861,1526531274
1577,1539025027,1526530761
1578,1539023571,1526527448
1579,1539012711,1526527288
1580,1539005771,1526511247
1581,1538936122,1526508034
1582,1538923345,1526502991
1583,1538875282,1526502728
1584,1538874900,1526502307
1585,1538873396,1526496547
1586,1538863029,1526496484
1587,1538856930,1526496405
1588,1538856361,1526496350
1589,1538842137,1526485320
1590,1538797567,1526451002
1591,1538774994,1526447672
1592,1538774989,1526401714
1593,1538751581,1526401208
1594,1538744768,1526400404
1595,1538744586,1526399863
1596,1538738882,1526399518
1597,1538738742,1526399142
1598,1538701405,1526362869
1599,1538700740,1526362379
1600,1538693901,1526360650
1601,1538691468,1526354290
1602,1538681367,1526351094
1603,1538680648,1526350707
1604,1538674688,1526349394
1605,1538662621,1526349288
1606,1538661673,1526315418
1607,1538661298,1526314959
1608,1538660056,1526313996
1609,1538655401,1526230080
1610,1538619791,1526197158
1611,1538611269,1526194448
1612,1538577348,1526191344
1613,1538576965,1526190505
1614,1538576022,1526190375
1615,1538575528,1526190198
1616,1538575330,1526190148
1617,1538573014,1526190034
1618,1538572568,1526187589
1619,1538571842,1526181858
1620,1538571215,1526180950
1621,1538570152,1526180680
1622,1538538984,1526180324
1623,1538535502,1526180250
1624,1538533083,1526180006
1625,1538532903,1526163928
1626,1538529933,1526163370
1627,1538529488,1526149119
1628,1538515205,1526140247
1629,1538515028,1526060568
1630,1538504315,1526058758
1631,1538500956,1526016580
1632,1538497138,1526015467
1633,1538496505,1526013937
1634,1538492523,1526010861
1635,1538491972,1526009463
1636,1538441423,1526007627
1637,1538440669,1526006600
1638,1538439944,1526003340
1639,1538395706,1525989238
1640,1538391382,1525983443
1641,1538391208,1525982572
1642,1538389808,1525966107
1643,1538333787,1525965301
1644,1538329623,1525888232
1645,1538326665,1525823612
1646,1538275795,1525823440
1647,1538268745,1525823237
1648,1538268682,1525823199
1649,1538253403,1525823059
1650,1538253231,1525801119
1651,1538180837,1525754201
1652,1538088377,1525486897
1653,1538005971,1525484849
1654,1537994892,1525477221
1655,1537994836,1525466783
1656,1537989787,1525464142
1657,1537989783,1525464079
1658,1537983274,1525463989
1659,1537983100,1525318166
1660,1537982934,1525316157
1661,1537982814,1525316133
1662,1537980426,1525109891
1663,1537959450,1525103466
1664,1537959299,1525099276
1665,1537930520,1525064864
1666,1537929534,1525063399
1667,1537913193,1525062760
1668,1537907245,1525062722
1669,1537903706,1525062369
1670,1537895984,1525059019
1671,1537893936,1525058724
1672,1537893463,1525016022
1673,1537893362,1525015049
1674,1537889255,1525014682
1675,1537881244,1524970339
1676,1537872821,1524968352
1677,1537872080,1524968254
1678,1537843809,1524889992
1679,1537843119,1524887877
1680,1537834966,1524887560
1681,1537832497,1524886801
1682,1537828419,1524875253
1683,1537825582,1524872347
1684,1537824813,1524867090
1685,1537821864,1524855445
1686,1537821742,1524855176
1687,1537808118,1524854740
1688,1537798646,1524853814
1689,1537798402,1524853602
1690,1537742913,1524794510
1691,1537735957,1524793699
1692,1537735432,1524775247
1693,1537645155,1524770206
1694,1537628195,1524769263
1695,1537624865,1524706575
1696,1537586449,1524701934
1697,1537586006,1524701471
1698,1537585913,1524699528
1699,1537585792,1524699465
1700,1537585765,1524688397
1701,1537579902,1524683113
1702,1537578300,1524673431
1703,1537566251,1524673281
1704,1537563104,1524672502
1705,1537561618,1524670902
1706,1537561520,1524670380
1707,1537561460,1524669710
1708,1537561454,1524669426
1709,1537561391,1524609537
1710,1537561331,1524584924
1711,1537561287,1524584700
1712,1537560708,1524584534
1713,1537550555,1524584279
1714,1537543774,1524583818
1715,1537540878,1524583623
1716,1537540511,1524538613
1717,1537536587,1524526034
1718,1537536212,1524518662
1719,1537535673,1524515109
1720,1537534606,1524514356
1721,1537502752,1524513395
1722,1537500810,1524512831
1723,1537500543,1524512367
1724,1537493265,1524511909
1725,1537487833,1524511173
1726,1537480479,1524509498
1727,1537468454,1524509293
1728,1537467006,1524506217
1729,1537467005,1524453752
1730,1537465148,1524430032
1731,1537464610,1524419899
1732,1537450455,1524375091
1733,1537443781,1524373894
1734,1537443475,1524371299
1735,1537443178,1524339848
1736,1537442024,1524339605
1737,1537441516,1524338151
1738,1537404629,1524337843
1739,1537401456,1524337516
1740,1537400245,1524337369
1741,1537379359,1524332692
1742,1537357424,1524332525
1743,1537357237,1524332238
1744,1537356869,1524331731
1745,1537330299,1524330351
1746,1537329872,1524330137
1747,1537328738,1524330096
1748,1537314142,1524329776
1749,1537305646,1524327502
1750,1537294907,1524326015
1751,1537286398,1524325238
1752,1537285857,1524324786
1753,1537285855,1524282510
1754,1537277169,1524280507
1755,1537275304,1524278908
1756,1537275029,1524278579
1757,1537274709,1524278227
1758,1537274522,1524277926
1759,1537230069,1524277603
1760,1537222055,1524277024
1761,1537221191,1524276754
1762,1537217631,1524274015
1763,1537212458,1524273512
1764,1537208521,1524272938
1765,1537207809,1524270981
1766,1537194966,1524270658
1767,1537194207,1524249912
1768,1537179352,1524246536
1769,1537179091,1524246449
1770,1537178490,1524246194
1771,1537177688,1524191767
1772,1537177652,1524191343
1773,1537177627,1524191022
1774,1537177611,1524190904
1775,1537177574,1524190601
1776,1537177560,1524190558
1777,1537177545,1524190409
1778,1537177533,1524190273
1779,1537177505,1524186711
1780,1537177491,1524186321
1781,1537177487,1524186210
1782,1537177455,1524183561
1783,1537177408,1524182671
1784,1537177390,1524182011
1785,1537177374,1524181991
1786,1537177317,1524175762
1787,1537177216,1524175438
1788,1537177155,1524174899
1789,1537146387,1524174650
1790,1537136290,1524115036
1791,1537134019,1524105995
1792,1537133326,1524102268
1793,1537119545,1524102175
1794,1537114148,1523998360
1795,1537107607,1523998288
1796,1537064827,1523963897
1797,1537059051,1523963794
1798,1537051330,1523962430
1799,1537051115,1523962382
1800,1537049310,1523962095
1801,1537045068,1523892324
1802,1537044871,1523889365
1803,1537044238,1523887632
1804,1537044105,1523869954
1805,1537043446,1523853451
1806,1537043204,1523845144
1807,1536980891,1523844621
1808,1536978206,1523844416
1809,1536977102,1523842201
1810,1536976457,1523841904
1811,1536972239,1523841865
1812,1536971500,1523841490
1813,1536964500,1523841198
1814,1536961423,1523840785
1815,1536961352,1523840373
1816,1536961228,1523840214
1817,1536960855,1523838670
1818,1536944652,1523838457
1819,1536943496,1523837178
1820,1536931782,1523837014
1821,1536931772,1523836652
1822,1536927599,1523836267
1823,1536925068,1523730285
1824,1536924940,1523671664
1825,1536924902,1523567651
1826,1536924866,1523566841
1827,1536924826,1523566302
1828,1536924811,1523565379
1829,1536924791,1523565310
1830,1536924755,1523512969
1831,1536924738,1523512643
1832,1536924706,1523511388
1833,1536924666,1523510898
1834,1536924558,1523510639
1835,1536924533,1523510518
1836,1536924513,1523498997
1837,1536924485,1523496122
1838,1536892642,1523493524
1839,1536887433,1523491727
1840,1536884892,1523489537
1841,1536883912,1523489086
1842,1536883891,1523488416
1843,1536861401,1523488273
1844,1536860500,1523488062
1845,1536859582,1523387771
1846,1536851694,1523373062
1847,1536848155,1523339304
1848,1536846104,1523338813
1849,1536842952,1523337356
1850,1536842247,1523335436
1851,1536841525,1523334302
1852,1536841115,1523333952
1853,1536841044,1523332752
1854,1536840979,1523321370
1855,1536840971,1523320439
1856,1536840619,1523316968
1857,1536840375,1523316463
1858,1536838782,1523316075
1859,1536837720,1523312594
1860,1536794498,1523302060
1861,1536794196,1523298006
1862,1536770253,1523295072
1863,1536761175,1523294758
1864,1536760681,1523293923
1865,1536750219,1523293765
1866,1536749923,1523293125
1867,1536749519,1523292943
1868,1536748215,1523291628
1869,1536717310,1523290588
1870,1536715709,1523235230
1871,1536714966,1523235007
1872,1536711583,1523234352
1873,1536706295,1523233976
1874,1536697009,1523233703
1875,1536684529,1523232460
1876,1536679948,1523231934
1877,1536670690,1523224182
1878,1536668692,1523224032
1879,1536667148,1523223546
1880,1536666093,1523223183
1881,1536664759,1523222981
1882,1536664351,1523220261
1883,1536664115,1523220057
1884,1536622554,1523219937
1885,1536621701,1523211879
1886,1536621444,1523211623
1887,1536616331,1523211314
1888,1536614302,1523203797
1889,1536608477,1523166539
1890,1536608106,1523165099
1891,1536590554,1523164540
1892,1536587838,1523164193
1893,1536583013,1523127095
1894,1536581497,1523126038
1895,1536581441,1523124990
1896,1536581306,1523122201
1897,1536579995,1523119127
1898,1536579354,1523118767
1899,1536578549,1523118631
1900,1536577827,1523118041
1901,1536577420,1523116963
1902,1536514097,1523085815
1903,1536507118,1523085468
1904,1536506482,1523083433
1905,1536504161,1523076606
1906,1536502338,1523065452
1907,1536501666,1523064533
1908,1536500960,1523064264
1909,1536499924,1523057365
1910,1536498834,1523057143
1911,1536498072,1523053831
1912,1536458054,1523052480
1913,1536457861,1523052096
1914,1536457645,1523051336
1915,1536457118,1523050788
1916,1536451651,1523049337
1917,1536440921,1523048743
1918,1536421528,1523048142
1919,1536418289,1523044521
1920,1536418028,1523044126
1921,1536417869,1523043747
1922,1536369776,1523043548
1923,1536369479,1523043322
1924,1536369446,1523042863
1925,1536368625,1523042548
1926,1536356377,1523042260
1927,1536351378,1523041807
1928,1536338157,1523030018
1929,1536319952,1523029801
1930,1536318709,1523029612
1931,1536317798,1522995600
1932,1536288483,1522995397
1933,1536287906,1522990153
1934,1536282416,1522988849
1935,1536275720,1522988796
1936,1536275522,1522988653
1937,1536254172,1522988535
1938,1536242972,1522987310
1939,1536233479,1522986845
1940,1536232770,1522985721
1941,1536231521,1522905003
1942,1536204154,1522892745
1943,1536190832,1522892500
1944,1536185709,1522891195
1945,1536183954,1522889858
1946,1536181801,1522884082
1947,1536174591,1522883806
1948,1536155675,1522882953
1949,1536155489,1522882001
1950,1536154794,1522881797
1951,1536153667,1522880708
1952,1536153622,1522880507
1953,1536147198,1522880157
1954,1536118530,1522879748
1955,1536118336,1522874397
1956,1536116503,1522874293
1957,1536115819,1522874040
1958,1536103088,1522873705
1959,1536101375,1522873491
1960,1536100686,1522872321
1961,1536100629,1522871520
1962,1536095030,1522808248
1963,1536094541,1522807670
1964,1536093889,1522807365
1965,1536093698,1522804777
1966,1536093697,1522804726
1967,1536093628,1522804692
1968,1536085492,1522804261
1969,1536073101,1522803469
1970,1536013217,1522803424
1971,1536002486,1522802999
1972,1536000935,1522802750
1973,1535999959,1522802635
1974,1535999125,1522802529
1975,1535997430,1522729508
1976,1535997059,1522729383
1977,1535997001,1522729097
1978,1535988513,1522728237
1979,1535977413,1522727830
1980,1535974094,1522727244
1981,1535972753,1522727109
1982,1535972737,1522722280
1983,1535972504,1522721888
1984,1535897417,1522720660
1985,1535895471,1522720447
1986,1535894900,1522720061
1987,1535852609,1522297646
1988,1535851390,1522292318
1989,1535851382,1522290846
1990,1535851301,1522290470
1991,1535850082,1522290145
1992,1535849624,1522289837
1993,1535849201,1522289686
1994,1535842529,1522269399
1995,1535842387,1522269029
1996,1535842289,1522268754
1997,1535814745,1522268222
1998,1535814208,1522246924
1999,1535808425,1522212317
2000,1535807960,1522212153
2001,1535805179,1522211738
2002,1535804818,1522211560
2003,1535800901,1522210188
2004,1535800744,1522209994
2005,1535769623,1522209787
2006,1535769417,1521825246
2007,1535769328,1521824977
2008,1535768738,1521824942
2009,1535760081,1521610348
2010,1535753245,1521607957
2011,1535740624,1521606078
2012,1535735341,1521353862
2013,1535680240,1521353423
2014,1535659172,1521333899
2015,1535653804,1521333841
2016,1535648049,1521313421
2017,1535636991,1521168116
2018,1535636340,1521157596
2019,1535635068,1521157480
2020,1535633653,1521157262
2021,1535630188,1521157175
2022,1535629468,1521157011
2023,1535628048,1521156702
2024,1535627518,1521156554
2025,1535626936,1520735190
2026,1535626220,1520734731
2027,1535596044,1520734505
2028,1535593910,1520732107
2029,1535593410,1520731752
2030,1535589866,1520725299
2031,1535582629,1520725042
2032,1535577790,1520723963
2033,1535577790,1520723225
2034,1535577789,1520722634
2035,1535577788,1520720061
2036,1535576145,1520719699
2037,1535555543,1520718931
2038,1535554598,1520718527
2039,1535553035,1520718452
2040,1535547125,1520717956
2041,1535546498,1520717734
2042,1535546405,1520712918
2043,1535545398,1520711641
2044,1535545090,1520711365
2045,1535544758,1520710887
2046,1535544037,1520710494
2047,1535517894,1520710164
2048,1535515905,1520709687
2049,1535509595,1520708943
2050,1535509198,1520708808
2051,1535505719,1520708758
2052,1535505418,1520705476
2053,1535503691,1520705076
2054,1535502725,1520704821
2055,1535489434,1520704707
2056,1535477308,1520704673
2057,1535468571,1520704545
2058,1535468569,1520704087
2059,1535466068,1520704055
2060,1535450271,1520703586
2061,1535450072,1520703217
2062,1535419118,1520702946
2063,1535407670,1520702908
2064,1535407665,1520638371
2065,1535393480,1520638250
2066,1535390527,1520638188
2067,1535390415,1520637915
2068,1535390360,1520637502
2069,1535377142,1520596853
2070,1535377059,1520595587
2071,1535374657,1520595150
2072,1535330378,1520594660
2073,1535320893,1520594445
2074,1535293866,1520594167
2075,1535293636,1520581270
2076,1535293547,1520559096
2077,1535293457,1520558732
2078,1535289704,1520557886
2079,1535289701,1520557503
2080,1535244253,1520557351
2081,1535240748,1520556952
2082,1535203348,1520556855
2083,1535202855,1520556459
2084,1535202688,1520553880
2085,1535202342,1520553567
2086,1535201178,1520553174
2087,1535200593,1520552892
2088,1535199413,1520552765
2089,1535168121,1520547932
2090,1535163193,1520545535
2091,1535157621,1520516792
2092,1535156833,1520456895
2093,1535156453,1520456581
2094,1535153162,1520456336
2095,1535132162,1520456186
2096,1535132161,1520454072
2097,1535132160,1520451063
2098,1535127025,1520450517
2099,1535110453,1520450458
2100,1535109013,1520450423
2101,1535106517,1520371955
2102,1535105854,1520359824
2103,1535105085,1520359584
2104,1535104635,1520355227
2105,1535084497,1520353838
2106,1535083795,1520353639
2107,1535058631,1520353031
2108,1535058630,1520352705
2109,1535052064,1520352382
2110,1535047699,1520352283
2111,1535040152,1520351953
2112,1535038783,1520351778
2113,1535031887,1520319881
2114,1535001008,1520317778
2115,1534991325,1520316549
2116,1534985795,1520315440
2117,1534985498,1520315331
2118,1534985213,1520314900
2119,1534978884,1520314795
2120,1534976697,1520314231
2121,1534968449,1520312973
2122,1534968305,1520312718
2123,1534954414,1520312578
2124,1534950330,1520311625
2125,1534945953,1520231993
2126,1534945054,1520180954
2127,1534944856,1520180537
2128,1534944089,1520180387
2129,1534941848,1520180182
2130,1534898719,1520146000
2131,1534898312,1520144656
2132,1534887151,1520144526
2133,1534864924,1520142484
2134,1534863391,1520140647
2135,1534860918,1520139408
2136,1534852639,1520138543
2137,1534851706,1520137393
2138,1534849849,1520137123
2139,1534848903,1520136914
2140,1534847899,1520136505
2141,1534823629,1520136239
2142,1534822849,1519455227
2143,1534817168,1519454545
2144,1534815972,1519454473
2145,1534808967,1519431854
2146,1534785299,1519431772
2147,1534776375,1519430760
2148,1534775783,1519430614
2149,1534775037,1519430108
2150,1534774399,1519430050
2151,1534765692,1519429822
2152,1534765124,1519429581
2153,1534764525,1519428540
2154,1534681478,1519425565
2155,1534680884,1519401827
2156,1534680403,1519353584
2157,1534678241,1519352790
2158,1534677312,1519352289
2159,1534676507,1519351991
2160,1534630350,1519351501
2161,1534629071,1519350878
2162,1534621175,1519350450
2163,1534599568,1519278786
2164,1534599289,1519278422
2165,1534597963,1519264150
2166,1534597590,1519263245
2167,1534592774,1519262423
2168,1534592411,1519197070
2169,1534591937,1519196569
2170,1534591380,1519196292
2171,1534556864,1519195868
2172,1534556786,1519195480
2173,1534544955,1519006801
2174,1534541120,1519006507
2175,1534533953,1519006467
2176,1534533952,1519006315
2177,1534515423,1519006059
2178,1534515025,1519005471
2179,1534509532,1519004463
2180,1534508964,1519001281
2181,1534507805,1518995222
2182,1534507076,1518994147
2183,1534506241,1518988066
2184,1534505455,1518831354
2185,1534471443,1518830817
2186,1534470894,1518829517
2187,1534470551,1518828799
2188,1534467402,1518823167
2189,1534466722,1518821934
2190,1534463635,1518728969
2191,1534463101,1518728498
2192,1534462635,1518727654
2193,1534462226,1518726651
2194,1534445735,1518726324
2195,1534445002,1518725852
2196,1534433786,1518725625
2197,1534428617,1518724953
2198,1534428000,1518722896
2199,1534423844,1518721962
2200,1534423413,1518718412
2201,1534387242,1518717939
2202,1534386718,1518676023
2203,1534384936,1518675198
2204,1534382057,1518674921
2205,1534381241,1518673941
2206,1534362758,1518673087
2207,1534358057,1518672741
2208,1534345456,1518672522
2209,1534345040,1518672344
2210,1534342507,1518658460
2211,1534342098,1518652861
2212,1534341072,1518652744
2213,1534340375,1518651683
2214,1534339890,1518649587
2215,1534339123,1518508767
2216,1534338859,1518508598
2217,1534338768,1518507779
2218,1534338425,1518504983
2219,1534337651,1518466520
2220,1534336238,1518454226
2221,1534270911,1518453551
2222,1534252558,1518453337
2223,1534252230,1518450477
2224,1534251710,1518450264
2225,1534248415,1518450172
2226,1534247701,1518448650
2227,1534246931,1518447706
2228,1534246271,1518416536
2229,1534245206,1518397297
2230,1534244820,1518396970
2231,1534244373,1518396764
2232,1534211875,1518396426
2233,1534211405,1518396016
2234,1534210660,1518395899
2235,1534210639,1518395454
2236,1534205492,1518393183
2237,1534199775,1518392540
2238,1534192957,1518385094
2239,1534189045,1518384821
2240,1534184369,1518384010
2241,1534180480,1518383789
2242,1534180461,1518383545
2243,1534180281,1518381499
2244,1534176791,1518381437
2245,1534176581,1518380630
2246,1534176291,1518380405
2247,1534173151,1518378476
2248,1534170106,1518377801
2249,1534168227,1518368682
2250,1534166828,1518367997
2251,1534080355,1518367849
2252,1534078659,1518262416
2253,1534077246,1518261257
2254,1534076652,1518259922
2255,1534038670,1518259579
2256,1534013957,1518258658
2257,1534013676,1518258184
2258,1534012128,1518257814
2259,1533994876,1518257701
2260,1533993992,1518257613
2261,1533993486,1518253854
2262,1533993429,1518253234
2263,1533942778,1518252265
2264,1533941885,1518252205
2265,1533941265,1518251731
2266,1533936643,1518251609
2267,1533905262,1518234563
2268,1533904360,1518230010
2269,1533903535,1518229064
2270,1533901788,1518228394
2271,1533855031,1518076380
2272,1533843805,1518075943
2273,1533834042,1518063571
2274,1533830610,1518060410
2275,1533830553,1518059172
2276,1533820959,1518058770
2277,1533754299,1518056085
2278,1533751663,1518055689
2279,1533741955,1518055051
2280,1533741266,1518054918
2281,1533738674,1518054658
2282,1533702489,1518054308
2283,1533700363,1518053819
2284,1533698634,1518053775
2285,1533698316,1518053739
2286,1533697179,1518053708
2287,1533666313,1518050433
2288,1533650585,1518049749
2289,1533638805,1518049021
2290,1533634306,1518047733
2291,1533592422,1518046928
2292,1533592007,1518046772
2293,1533591840,1517902196
2294,1533582822,1517899590
2295,1533577437,1517898890
2296,1533570520,1517880331
2297,1533567166,1517879726
2298,1533565556,1517879409
2299,1533564790,1517879213
2300,1533505991,1517878542
2301,1533505977,1517851809
2302,1533499277,1517851111
2303,1533473361,1517851010
2304,1533473156,1517845335
2305,1533472543,1517845295
2306,1533470785,1517468515
2307,1533470369,1517462869
2308,1533469092,1517462329
2309,1533433381,1517462245
2310,1533433380,1517460156
2311,1533428905,1517458094
2312,1533416089,1517457651
2313,1533416019,1517456811
2314,1533414489,1517456384
2315,1533413019,1517455621
2316,1533412686,1517455372
2317,1533412402,1517454578
2318,1533412060,1517453919
2319,1533395933,1517453656
2320,1533387756,1517453596
2321,1533386989,1517453168
2322,1533353856,1517452699
2323,1533353381,1517289756
2324,1533353286,1517287674
2325,1533353088,1517287036
2326,1533352671,1517286984
2327,1533352523,1517103137
2328,1533352255,1517101932
2329,1533352156,1517101395
2330,1533352135,1517096205
2331,1533351955,1517096137
2332,1533351920,1517090469
2333,1533351904,1517086900
2334,1533351900,1517081841
2335,1533351706,1517081464
2336,1533344788,1517081384
2337,1533337187,1517079159
2338,1533336938,1517078504
2339,1533336183,1517077644
2340,1533334235,1517077261
2341,1533333639,1517076573
2342,1533328312,1517075036
2343,1533322203,1517074478
2344,1533317946,1517073233
2345,1533306108,1517072971
2346,1533256228,1517071713
2347,1533241473,1517070234
2348,1533236917,1517041415
2349,1533236264,1517039290
2350,1533236123,1517038188
2351,1533236038,1517037987
2352,1533230630,1517036774
2353,1533207844,1517035071
2354,1533206295,1517034871
2355,1533185245,1517034059
2356,1533184695,1517031739
2357,1533181224,1517029795
2358,1533180734,1517016032
2359,1533158171,1517010207
2360,1533157458,1516904097
2361,1533151321,1516902244
2362,1533149756,1516901666
2363,1533138991,1516901496
2364,1533137747,1516899888
2365,1533132113,1516827032
2366,1533130443,1516823648
2367,1533129843,1516822753
2368,1533129324,1516761034
2369,1533128588,1516757215
2370,1533087424,1516748639
2371,1533083065,1516747558
2372,1533077410,1516747465
2373,1533070165,1516746994
2374,1533069562,1516678868
2375,1533058428,1516678762
2376,1533058427,1516678655
2377,1533057212,1516678019
2378,1533056990,1516677594
2379,1533044087,1516676967
2380,1533039708,1516676798
2381,1533038610,1516676715
2382,1533038338,1516675837
2383,1533034841,1516675652
2384,1533034228,1516648836
2385,1533033023,1516648568
2386,1533032999,1516648384
2387,1533032621,1516647949
2388,1533032058,1516591931
2389,1533002462,1516591513
2390,1532998576,1516588880
2391,1532990652,1516588044
2392,1532990162,1516587727
2393,1532990062,1516587139
2394,1532990061,1516586755
2395,1532989880,1516581092
2396,1532989746,1516564473
2397,1532989745,1516562880
2398,1532989701,1516562740
2399,1532989700,1516561580
2400,1532985637,1516402233
2401,1532979091,1516402161
2402,1532971347,1516401962
2403,1532952399,1516401776
2404,1532951854,1516401025
2405,1532905460,1516400768
2406,1532895639,1516398780
2407,1532895135,1516395769
2408,1532892914,1516350217
2409,1532891359,1516349504
2410,1532891358,1516347944
2411,1532891358,1516340708
2412,1532891357,1516340522
2413,1532870039,1516340357
2414,1532868172,1516340201
2415,1532867404,1516339258
2416,1532865613,1516338278
2417,1532865570,1516337652
2418,1532865566,1516337463
2419,1532865489,1516331153
2420,1532865169,1516331112
2421,1532864640,1516331091
2422,1532863912,1516331065
2423,1532795849,1516331020
2424,1532742828,1516330996
2425,1532738878,1516330967
2426,1532731556,1516328538
2427,1532722086,1516328429
2428,1532719387,1516328201
2429,1532715406,1516327771
2430,1532708437,1515961620
2431,1532707934,1515961096
2432,1532707125,1515959367
2433,1532706800,1515908371
2434,1532706800,1515907954
2435,1532697429,1515907709
2436,1532692575,1515907049
2437,1532691512,1515906646
2438,1532690780,1515905417
2439,1532688977,1515904117
2440,1532663454,1515903419
2441,1532659020,1515902356
2442,1532645320,1515902314
2443,1532645318,1515901876
2444,1532641393,1515901681
2445,1532639565,1515901539
2446,1532618559,1515900989
2447,1532616738,1515900824
2448,1532614290,1515899898
2449,1532605569,1515899378
2450,1532567248,1515896633
2451,1532566868,1515481575
2452,1532566639,1515473861
2453,1532564192,1515473715
2454,1532562574,1515472775
2455,1532562144,1515472435
2456,1532562143,1515472178
2457,1532559575,1515467007
2458,1532558749,1515394850
2459,1532557981,1515385253
2460,1532552244,1515384948
2461,1532522474,1515384831
2462,1532522098,1515384598
2463,1532517628,1515384084
2464,1532516919,1515383398
2465,1532516465,1515383179
2466,1532480705,1515383121
2467,1532479156,1515383049
2468,1532477281,1515382063
2469,1532471610,1515381525
2470,1532471107,1515381025
2471,1532459736,1515380953
2472,1532454688,1515380750
2473,1532447437,1515380627
2474,1532440459,1515314501
2475,1532440376,1515314386
2476,1532439982,1515314025
2477,1532439589,1515313694
2478,1532431790,1515313590
2479,1532430552,1515312901
2480,1532430087,1515312611
2481,1532430073,1515311143
2482,1532398059,1515311098
2483,1532396646,1515311017
2484,1532396137,1515310814
2485,1532352920,1515310737
2486,1532352075,1515306081
2487,1532351178,1515273530
2488,1532348702,1515273262
2489,1532344179,1515272854
2490,1532343675,1515272608
2491,1532343130,1515272106
2492,1532341811,1515271975
2493,1532340832,1515271781
2494,1532316259,1515262129
2495,1532298232,1515261846
2496,1532293124,1515219283
2497,1532265318,1515217767
2498,1532264175,1515217167
2499,1532262169,1515216992
2500,1532256565,1515216498
2501,1532255320,1515213368
2502,1532215414,1515210705
2503,1532214657,1515191798
2504,1532213438,1515190727
2505,1532212806,1515190343
2506,1532175058,1515048065
2507,1532125041,1515045497
2508,1532123471,1515045268
2509,1532123430,1515044584
2510,1532097561,1514235458
2511,1532097542,1514231658
2512,1532097359,1514230834
2513,1532097349,1514093764
2514,1532097284,1514065951
2515,1532097251,1514065751
2516,1532097237,1514065256
2517,1532091884,1514062694
2518,1532091105,1514061776
2519,1532090585,1514061494
2520,1532089878,1514061104
2521,1532024065,1514060964
2522,1532007321,1514060541
2523,1532007011,1514049444
2524,1532006698,1514049218
2525,1532005877,1514049067
2526,1532000245,1514012578
2527,1531998828,1514012002
2528,1531997966,1514011754
2529,1531996677,1514011623
2530,1531996155,1514011456
2531,1531995794,1514009553
2532,1531964133,1514009406
2533,1531949652,1513982229
2534,1531949419,1513961058
2535,1531949346,1513959965
2536,1531941930,1513959257
2537,1531933973,1513959175
2538,1531913614,1513924603
2539,1531913279,1513923985
2540,1531911785,1513923483
2541,1531910658,1513923216
2542,1531909010,1513922696
2543,1531908516,1513922521
2544,1531907621,1513922286
2545,1531887019,1513921514
2546,1531873657,1513921487
2547,1531873314,1513921471
2548,1531838348,1513921442
2549,1531838027,1513918622
2550,1531837348,1513918161
2551,1531835619,1513918110
2552,1531781627,1513917885
2553,1531773247,1513906318
2554,1531772994,1513905994
2555,1531770023,1513905762
2556,1531759880,1513905518
2557,1531757486,1513904774
2558,1531731418,1513904732
2559,1531721129,1513904637
2560,1531719425,1513904586
2561,1531718630,1513902461
2562,1531715304,1513902321
2563,1531715290,1513902206
2564,1531674183,1513875663
2565,1531671492,1513875298
2566,1531671491,1513875213
2567,1531671490,1513875132
2568,1531671073,1513875026
2569,1531662055,1513874537
2570,1531662023,1513874471
2571,1531661595,1513743701
2572,1531661595,1513743614
2573,1531661595,1513743174
2574,1531661595,1513743031
2575,1531661595,1513740423
2576,1531661594,1513740139
2577,1531592257,1513734659
2578,1531572245,1513734235
2579,1531568072,1513733814
2580,1531567453,1513733171
2581,1531562903,1513732249
2582,1531562273,1513725824
2583,1531561615,1513725741
2584,1531561384,1513725686
2585,1531559920,1513725602
2586,1531559844,1513725504
2587,1531559786,1513725067
2588,1531505099,1513724402
2589,1531490849,1513723858
2590,1531462345,1513723810
2591,1531461762,1513723559
2592,1531417953,1513723481
2593,1531413141,1513723155
2594,1531408251,1513722791
2595,1531407654,1513663893
2596,1531407643,1513663371
2597,1531404761,1513660322
2598,1531393026,1513660074
2599,1531375925,1513659484
2600,1531375409,1513659448
2601,1531374924,1513659233
2602,1531352013,1513658660
2603,1531349236,1513658323
2604,1531346006,1513657672
2605,1531343514,1513319338
2606,1531343496,1513319144
2607,1531343480,1513318557
2608,1531343446,1513317951
2609,1531343431,1513317883
2610,1531343424,1513317846
2611,1531343411,1513317782
2612,1531343341,1513309062
2613,1531328847,1513306367
2614,1531327272,1513305863
2615,1531312832,1513305818
2616,1531312831,1513305662
2617,1531296285,1513305605
2618,1531262248,1513304989
2619,1531248741,1513304825
2620,1531248141,1513304647
2621,1531242090,1513304448
2622,1531234157,1513229892
2623,1531233612,1513229768
2624,1531226358,1513229525
2625,1531222690,1513229044
2626,1531220370,1513226529
2627,1531219363,1513226339
2628,1531215305,1513226155
2629,1531213667,1513225470
2630,1531213384,1513142912
2631,1531213247,1513142145
2632,1531213210,1513141973
2633,1531191250,1513140296
2634,1531184477,1513117912
2635,1531174960,1513116212
2636,1531156109,1513020663
2637,1531155844,1513018252
2638,1531146306,1513017913
2639,1531138483,1513017850
2640,1531137842,1513017599
2641,1531137301,1513013531
2642,1531087132,1513012989
2643,1531085237,1512966772
2644,1531081767,1512966596
2645,1531061755,1512877241
2646,1531055653,1512877143
2647,1531002242,1512876888
2648,1530996168,1512846953
2649,1530969881,1512846748
2650,1530969671,1512846406
2651,1530965215,1512846060
2652,1530965204,1512845961
2653,1530965198,1512845691
2654,1530965189,1512845337
2655,1530896254,1512845157
2656,1530893536,1512845048
2657,1530839196,1512844950
2658,1530838730,1512844875
2659,1530837857,1512844464
2660,1530835869,1512844084
2661,1530819478,1512843698
2662,1530819477,1512843416
2663,1530800243,1512843139
2664,1530800167,1512836677
2665,1530799737,1512768177
2666,1530758855,1512748890
2667,1530737160,1512703770
2668,1530715493,1512703626
2669,1530715358,1512703531
2670,1530664599,1512702316
2671,1530661928,1512700519
2672,1530661926,1512700491
2673,1530659975,1512700468
2674,1530659622,1512700440
2675,1530659614,1512697589
2676,1530653711,1512694904
2677,1530653161,1512694566
2678,1530627524,1512694273
2679,1530626422,1512693599
2680,1530619420,1512624816
2681,1530616578,1512624538
2682,1530615472,1512623497
2683,1530614950,1512622972
2684,1530614024,1512613910
2685,1530613537,1512613320
2686,1530613011,1512612326
2687,1530585837,1512612191
2688,1530568082,1512612045
2689,1530548957,1512611931
2690,1530500490,1512611557
2691,1530487457,1512611076
2692,1530473968,1512610498
2693,1530447065,1512509276
2694,1530446403,1512509194
2695,1530387849,1512508916
2696,1530387102,1512508832
2697,1530386772,1512508168
2698,1530386262,1512508009
2699,1530385548,1512507977
2700,1530362035,1512507690
2701,1530358623,1512507218
2702,1530357761,1512507168
2703,1530356850,1512506949
2704,1530356386,1512506627
2705,1530356344,1512456866
2706,1530356225,1512456527
2707,1530355782,1512452756
2708,1530355760,1512451860
2709,1530315002,1512451454
2710,1530314493,1512450580
2711,1530314418,1512448871
2712,1530295573,1512448226
2713,1530295162,1512448060
2714,1530218995,1512447264
2715,1530212982,1512447179
2716,1530212242,1512446837
2717,1530191161,1512446477
2718,1530190577,1512445810
2719,1530189805,1512445541
2720,1530189031,1512445131
2721,1530185920,1512443571
2722,1530185529,1512442867
2723,1530185115,1512107383
2724,1530183721,1512107211
2725,1530156294,1512106688
2726,1530156294,1512105463
2727,1530154984,1512104973
2728,1530141298,1512104906
2729,1530134283,1512103345
2730,1530131338,1512026631
2731,1530126814,1512022377
2732,1530120783,1512021696
2733,1530113184,1512020317
2734,1530108665,1512018338
2735,1530103196,1511983276
2736,1530098282,1511641718
2737,1530071536,1511638544
2738,1530068370,1511637741
2739,1530068086,1511636085
2740,1530067811,1511634647
2741,1530067643,1511634008
2742,1530065911,1511558385
2743,1530065119,1511506552
2744,1530064370,1511504591
2745,1530043925,1511504086
2746,1530024042,1511496766
2747,1530019844,1511494198
2748,1530016578,1511493706
2749,1530015469,1511493270
2750,1530014220,1511492084
2751,1530013797,1511417784
2752,1530013071,1511417646
2753,1530012301,1511417485
2754,1530011796,1511416334
2755,1529976903,1511416065
2756,1529970276,1511415219
2757,1529969434,1511414873
2758,1529968932,1511413813
2759,1529968284,1511413636
2760,1529968016,1511413513
2761,1529962086,1511413282
2762,1529946677,1511412941
2763,1529945939,1511412431
2764,1529945933,1511411766
2765,1529937560,1511411521
2766,1529937399,1511411451
2767,1529931265,1511411381
2768,1529930580,1511391202
2769,1529930189,1511390701
2770,1529928141,1511388479
2771,1529926885,1511387544
2772,1529926128,1511387241
2773,1529888899,1511386585
2774,1529885331,1511386405
2775,1529884865,1511386081
2776,1529871145,1511372030
2777,1529852913,1511333196
2778,1529852522,1511332498
2779,1529845970,1511332256
2780,1529804621,1511326322
2781,1529791618,1511322609
2782,1529785506,1511322542
2783,1529773923,1511320307
2784,1529773533,1511320179
2785,1529773383,1511320078
2786,1529773068,1511317488
2787,1529765610,1511317167
2788,1529762419,1511316609
2789,1529762416,1511313778
2790,1529758377,1511313497
2791,1529757765,1511311198
2792,1529757485,1511309758
2793,1529753795,1511308881
2794,1529753581,1511307795
2795,1529752944,1511226752
2796,1529752895,1511224970
2797,1529752861,1511224849
2798,1529752783,1511223428
2799,1529752765,1511202242
2800,1529752745,1511201979
2801,1529752615,1511201588
2802,1529752586,1511201534
2803,1529752533,1511201224
2804,1529718900,1511200090
2805,1529718816,1511168724
2806,1529714073,1511168431
2807,1529699013,1511167772
2808,1529696420,1511167019
2809,1529676607,1511165851
2810,1529674986,1511165778
2811,1529674254,1511162961
2812,1529669018,1511162940
2813,1529668723,1511000309
2814,1529667972,1510724328
2815,1529667089,1510712729
2816,1529665590,1510712709
2817,1529665236,1510682854
2818,1529664891,1510681870
2819,1529664095,1510596286
2820,1529633554,1510526274
2821,1529622473,1510524649
2822,1529620807,1510522496
2823,1529617867,1510522227
2824,1529614004,1510521884
2825,1529613970,1510516354
2826,1529613932,1510507876
2827,1529612724,1510506984
2828,1529600560,1510462384
2829,1529591895,1510461231
2830,1529589138,1510461193
2831,1529586513,1510461169
2832,1529585456,1510461140
2833,1529584696,1510461101
2834,1529584194,1510461073
2835,1529583127,1510460998
2836,1529553097,1510460975
2837,1529551475,1510347891
2838,1529542875,1510347314
2839,1529537438,1510288305
2840,1529531678,1510287875
2841,1529527170,1510286835
2842,1529526864,1510099559
2843,1529525085,1510098977
2844,1529516262,1510098237
2845,1529506816,1510097695
2846,1529503348,1510006077
2847,1529503312,1510005168
2848,1529503218,1510005144
2849,1529502185,1510005116
2850,1529502085,1510005089
2851,1529497517,1510005059
2852,1529462214,1510005033
2853,1529461057,1510004938
2854,1529456787,1509945814
2855,1529431457,1509944215
2856,1529429739,1509944026
2857,1529421749,1509943584
2858,1529417511,1509942855
2859,1529417222,1509930526
2860,1529416344,1509930396
2861,1529416338,1509930187
2862,1529416327,1509929961
2863,1529416326,1509929853
2864,1529335661,1509929687
2865,1529333860,1509929355
2866,1529330028,1509928497
2867,1529329853,1509927455
2868,1529329840,1509926890
2869,1529327068,1509925271
2870,1529326963,1509925238
2871,1529325967,1509923811
2872,1529283832,1509923725
2873,1529282941,1509866795
2874,1529282524,1509866244
2875,1529281553,1509866052
2876,1529254513,1509865560
2877,1529247293,1509864946
2878,1529246223,1509864656
2879,1529246204,1509863981
2880,1529246195,1509863758
2881,1529246168,1509863460
2882,1529241988,1509862368
2883,1529240906,1509862237
2884,1529240466,1509862018
2885,1529239723,1509861808
2886,1529239202,1509857480
2887,1529238706,1509857364
2888,1529236681,1509857258
2889,1529236360,1509857058
2890,1529159343,1509855410
2891,1529157693,1509855352
2892,1529154734,1509855327
2893,1529154237,1509855302
2894,1529153276,1509855277
2895,1529101938,1509841738
2896,1529101424,1509841328
2897,1529100187,1509839046
2898,1529084978,1509838410
2899,1529084470,1509836522
2900,1529082494,1509746173
2901,1529064210,1509745083
2902,1529063818,1509744810
2903,1529063805,1509668368
2904,1529063755,1509667638
2905,1529063742,1509665484
2906,1529063726,1509664892
2907,1529063721,1509664368
2908,1529063637,1509664074
2909,1529063407,1509663816
2910,1529063103,1509656645
2911,1529060788,1509655227
2912,1529060140,1509655178
2913,1529058914,1509655162
2914,1528997686,1509648261
2915,1528994035,1509647981
2916,1528988961,1509647785
2917,1528988952,1509647243
2918,1528988931,1509646326
2919,1528988924,1509646018
2920,1528979665,1509645299
2921,1528923020,1509644670
2922,1528921020,1509642526
2923,1528920701,1509641839
2924,1528896649,1509640591
2925,1528890770,1509606401
2926,1528890556,1509606106
2927,1528888203,1509605669
2928,1528884100,1509605267
2929,1528883817,1509603515
2930,1528883731,1509603267
2931,1528882803,1509601732
2932,1528882802,1509598643
2933,1528882623,1509598492
2934,1528852454,1509591398
2935,1528849656,1509591376
2936,1528848703,1509519109
2937,1528848134,1509518650
2938,1528846633,1509518303
2939,1528838598,1509517522
2940,1528836028,1509516790
2941,1528836026,1509515941
2942,1528834363,1509515766
2943,1528831854,1509514914
2944,1528829728,1509514451
2945,1528790575,1509514023
2946,1528763749,1509513112
2947,1528761803,1509512235
2948,1528754641,1509511700
2949,1528753956,1509511320
2950,1528752441,1509510568
2951,1528703466,1509509395
2952,1528684862,1509508680
2953,1528681511,1509507060
2954,1528681355,1509505247
2955,1528680569,1509505215
2956,1528679837,1509338076
2957,1528679107,1509337613
2958,1528678484,1509333611
2959,1528585494,1509332247
2960,1528585396,1509330626
2961,1528577895,1509329897
2962,1528577894,1509328717
2963,1528577832,1509328130
2964,1528577794,1509295638
2965,1528577793,1509293500
2966,1528576988,1509292027
2967,1528576436,1509228948
2968,1528560025,1509223468
2969,1528518204,0
2970,1528518130,0
2971,1528456964,0
2972,1528456377,0
2973,1528453535,0
2974,1528452999,0
2975,1528452380,0
2976,1528424137,0
2977,1528415087,0
2978,1528409044,0
2979,1528401728,0
2980,1528401347,0
2981,1528401101,0
2982,1528392041,0
2983,1528386650,0
2984,1528386580,0
2985,1528386137,0
2986,1528384521,0
2987,1528384246,0
2988,1528380436,0
2989,1528380061,0
2990,1528379381,0
2991,1528376876,0
2992,1528376724,0
2993,1528373230,0
2994,1528372623,0
2995,1528321269,0
2996,1528315743,0
2997,1528313857,0
2998,1528296215,0
2999,1528293869,0
3000,1528293257,0
3001,1528292900,0
3002,1528292242,0
3003,1528290994,0
3004,1528257720,0
3005,1528248817,0
3006,1528248423,0
3007,1528248224,0
3008,1528246956,0
3009,1528245808,0
3010,1528245639,0
3011,1528245624,0
3012,1528245470,0
3013,1528231070,0
3014,1528229224,0
3015,1528229187,0
3016,1528206959,0
3017,1528206596,0
3018,1528206258,0
3019,1528204199,0
3020,1528203753,0
3021,1528199932,0
3022,1528199455,0
3023,1528198444,0
3024,1528198307,0
3025,1528197718,0
3026,1528196914,0
3027,1528195867,0
3028,1528195131,0
3029,1528167356,0
3030,1528161039,0
3031,1528144939,0
3032,1528144915,0
3033,1528139119,0
3034,1528120900,0
3035,1528120063,0
3036,1528116218,0
3037,1528116107,0
3038,1528115725,0
3039,1528114831,0
3040,1528114687,0
3041,1528112150,0
3042,1528047242,0
3043,1528032859,0
3044,1528032318,0
3045,1528030782,0
3046,1527974595,0
3047,1527973760,0
3048,1527973474,0
3049,1527973343,0
3050,1527973050,0
3051,1527961898,0
3052,1527961387,0
3053,1527957965,0
3054,1527957314,0
3055,1527956933,0
3056,1527956325,0
3057,1527955991,0
3058,1527943248,0
3059,1527941207,0
3060,1527939603,0
3061,1527889250,0
3062,1527876464,0
3063,1527859101,0
3064,1527852108,0
3065,1527851731,0
3066,1527851116,0
3067,1527801574,0
3068,1527801336,0
3069,1527772715,0
3070,1527772528,0
3071,1527768661,0
3072,1527768320,0
3073,1527767588,0
3074,1527764385,0
3075,1527764319,0
3076,1527764209,0
3077,1527764193,0
3078,1527764114,0
3079,1527736886,0
3080,1527736097,0
3081,1527735988,0
3082,1527725330,0
3083,1527723975,0
3084,1527721148,0
3085,1527700799,0
3086,1527700318,0
3087,1527700178,0
3088,1527694261,0
3089,1527690907,0
3090,1527684427,0
3091,1527684424,0
3092,1527684417,0
3093,1527600624,0
3094,1527593227,0
3095,1527592172,0
3096,1527591602,0
3097,1527590963,0
3098,1527589832,0
3099,1527588446,0
3100,1527544436,0
3101,1527542535,0
3102,1527527973,0
3103,1527527685,0
3104,1527527584,0
3105,1527517951,0
3106,1527516536,0
3107,1527515759,0
3108,1527512287,0
3109,1527505307,0
3110,1527453153,0
3111,1527451752,0
3112,1527430404,0
3113,1527426844,0
3114,1527424884,0
3115,1527385794,0
3116,1527364612,0
3117,1527363710,0
3118,1527362884,0
3119,1527348070,0
3120,1527347013,0
3121,1527346034,0
3122,1527345534,0
3123,1527343142,0
3124,1527340929,0
3125,1527295055,0
3126,1527289999,0
3127,1527289639,0
3128,1527288332,0
3129,1527286494,0
3130,1527280766,0
3131,1527268957,0
3132,1527268333,0
3133,1527250447,0
3134,1527249860,0
3135,1527249859,0
3136,1527249857,0
3137,1527249856,0
3138,1527239713,0
3139,1527239615,0
3140,1527239577,0
3141,1527239365,0
3142,1527210403,0
3143,1527196712,0
3144,1527184476,0
3145,1527181071,0
3146,1527179078,0
3147,1527178705,0
3148,1527165269,0
3149,1527164468,0
3150,1527123484,0
3151,1527120529,0
3152,1527118907,0
3153,1527104118,0
3154,1527103763,0
3155,1527092344,0
3156,1527082446,0
3157,1527081534,0
3158,1527076702,0
3159,1527076535,0
3160,1527075239,0
3161,1527074545,0
3162,1527073947,0
3163,1527073245,0
3164,1527072841,0
3165,1527072337,0
3166,1527038026,0
3167,1527038026,0
3168,1527036041,0
3169,1527017734,0
3170,1527013292,0
3171,1526944680,0
3172,1526908591,0
3173,1526907080,0
3174,1526904775,0
3175,1526904061,0
3176,1526903587,0
3177,1526902822,0
3178,1526902276,0
3179,1526902062,0
3180,1526901689,0
3181,1526837860,0
3182,1526836465,0
3183,1526836427,0
3184,1526825064,0
3185,1526823454,0
3186,1526822972,0
3187,1526822374,0
3188,1526821865,0
3189,1526821461,0
3190,1526765268,0
